{

"add_con_trg":"<div class=\"blockyleft\"> <img src=\"assets/eyeblue.svg\"> <p class=\"blockyname\">Add contact</p> </div> <div class=\"blockyright\"> <img src=\"assets/more.svg\"> </div> <div class=\"blockydiv\"> </div> <div class=\"blockyinfo\">When a <span class=\"data_condition_fld\" data-val-of-opt=\"add\">Add </span> <span class=\"data_compare\" data-val-of-opt=\"In\"> In</span> List <span class=\"data_collect\" id=\"add_con_trg_lst_nm\" data-val-of-opt=\"choose\">Choose</span> </div>",
"chg_tag_trg":"<div class=\"blockyleft\"> <img src=\"assets/eyeblue.svg\"> <p class=\"blockyname\">Change Tag</p> </div> <div class=\"blockyright\"> <img src=\"assets/more.svg\"> </div> <div class=\"blockydiv\"> </div> <div class=\"blockyinfo\">When a <span class=\"data_condition_fld\" data-val-of-opt=\"add\">Change Tag</span> <span class=\"data_compare\" data-val-of-opt=\"In\"> In</span> List <span class=\"data_collect\" id=\"add_con_trg_lst_nm\" data-val-of-opt=\"choose\">Choose</span> </div>",
"up_con_trg":"<div class=\"blockyleft\"> <img src=\"assets/eyeblue.svg\"> <p class=\"blockyname\">Update Contact</p> </div> <div class=\"blockyright\"> <img src=\"assets/more.svg\"> </div> <div class=\"blockydiv\"> </div> <div class=\"blockyinfo\">When a <span class=\"data_condition_fld\" data-val-of-opt=\"add\">Update Contact</span> <span class=\"data_compare\" data-val-of-opt=\"In\"> In</span> List <span class=\"data_collect\" id=\"add_con_trg_lst_nm\" data-val-of-opt=\"choose\">Choose</span> </div>",
"arch_con_trg":"<div class=\"blockyleft\"> <img src=\"assets/eyeblue.svg\"> <p class=\"blockyname\">Send To Archive</p> </div> <div class=\"blockyright\"> <img src=\"assets/more.svg\"> </div> <div class=\"blockydiv\"> </div> <div class=\"blockyinfo\">When a <span class=\"data_condition_fld\" data-val-of-opt=\"add\">Send To Archive</span> <span class=\"data_compare\" data-val-of-opt=\"In\"> In</span> List <span class=\"data_collect\" id=\"add_con_trg_lst_nm\" data-val-of-opt=\"choose\">Choose</span> </div>",
"chg_stat_trg":"<div class=\"blockyleft\"> <img src=\"assets/eyeblue.svg\"> <p class=\"blockyname\">Change Status</p> </div> <div class=\"blockyright\"> <img src=\"assets/more.svg\"> </div> <div class=\"blockydiv\"> </div> <div class=\"blockyinfo\">When a <span class=\"data_condition_fld\" data-val-of-opt=\"add\">Change Status</span> <span class=\"data_compare\" data-val-of-opt=\"In\"> In</span> List <span class=\"data_collect\" id=\"add_con_trg_lst_nm\" data-val-of-opt=\"choose\">Choose</span> </div>",
"opn_ml_trg":"<div class=\"blockyleft\"> <img src=\"assets/eyeblue.svg\"> <p class=\"blockyname\">Open Email</p> </div> <div class=\"blockyright\"> <img src=\"assets/more.svg\"> </div> <div class=\"blockydiv\"> </div> <div class=\"blockyinfo\">When a <span class=\"data_condition_fld\" data-val-of-opt=\"add\">Open Email</span> <span class=\"data_compare\" data-val-of-opt=\"In\"> In</span> Campign <span class=\"data_collect\" id=\"add_con_trg_lst_nm\" data-val-of-opt=\"choose\">Choose</span> </div>",
"clck_ml_trg":"<div class=\"blockyleft\"> <img src=\"assets/eyeblue.svg\"> <p class=\"blockyname\">Click Email</p> </div> <div class=\"blockyright\"> <img src=\"assets/more.svg\"> </div> <div class=\"blockydiv\"> </div> <div class=\"blockyinfo\">When a <span class=\"data_condition_fld\" data-val-of-opt=\"add\">Click Email</span> <span class=\"data_compare\" data-val-of-opt=\"In\"> In</span> Campign <span class=\"data_collect\" id=\"add_con_trg_lst_nm\" data-val-of-opt=\"choose\">Choose</span> </div>",
"chk_cond_act":"<div class=\"blockyleft\"> <img src=\"assets/eyeblue.svg\"> <p class=\"blockyname\">If Condition</p> </div> <div class=\"blockyright\"> <img src=\"assets/more.svg\"> </div> <div class=\"blockydiv\"> </div> <div class=\"blockyinfo\">When a <span class=\"data_condition_fld\" data-val-of-opt=\"choose\">Choose </span> <span class=\"data_compare\" data-val-of-opt=\"choose\">Choose</span> <span class=\"data_collect\" id=\"choose\" data-of-val-sel=\"lst_name\">Choose</span> </div>",
"send_ml_act":"<div class=\"blockyleft\"> <img src=\"assets/eyeblue.svg\"> <p class=\"blockyname\">Send Mail</p> </div> <div class=\"blockyright\"> <img src=\"assets/more.svg\"> </div> <div class=\"blockydiv\"> </div> <div class=\"blockyinfo\">Send <span class=\"data_condition_fld\" data-val-of-opt=\"Mail\">mail </span> <span class=\"data_compare\" data-val-of-opt=\"this\">this </span> <span class=\"data_collect\" id=\"choose\" data-val-of-opt=\"choose\">Choose</span> </div>",
"chg_tg_act":"<div class=\"blockyleft\"> <img src=\"assets/eyeblue.svg\"> <p class=\"blockyname\">Change tag</p> </div> <div class=\"blockyright\"> <img src=\"assets/more.svg\"> </div> <div class=\"blockydiv\"> </div> <div class=\"blockyinfo\">Change <span class=\"data_condition_fld\" data-val-of-opt=\":lst_name:\">Tag </span> <span class=\"data_compare\" data-val-of-opt=\"choose\">add</span> <span class=\"data_collect\" id=\"choose\" data-val-of-opt=\"choose\">Choose</span> </div>",
"crt_arch_act":"<div class=\"blockyleft\"> <img src=\"assets/eyeblue.svg\"> <p class=\"blockyname\">Archive Contact</p> </div> <div class=\"blockyright\"> <img src=\"assets/more.svg\"> </div> <div class=\"blockydiv\"> </div> <div class=\"blockyinfo\">Archive <span class=\"data_condition_fld\" data-val-of-opt=\":lst_name:\">Send </span> <span class=\"data_compare\" data-val-of-opt=\"contact\">Contact</span> <span class=\"data_collect\" id=\"choose\" data-val-of-opt=\"choose\">Choose</span> </div>",
"chg_stat_act":"<div class=\"blockyleft\"> <img src=\"assets/eyeblue.svg\"> <p class=\"blockyname\">Change Status</p> </div> <div class=\"blockyright\"> <img src=\"assets/more.svg\"> </div> <div class=\"blockydiv\"> </div> <div class=\"blockyinfo\">Change <span class=\"data_condition_fld\" data-val-of-opt=\":lst_name:\">Status </span> <span class=\"data_compare\" data-val-of-opt=\"to\">to</span> <span class=\"data_collect\" id=\"choose\" data-val-of-opt=\"choose\">Choose</span> </div>",
"tm_delay_act":"<div class=\"blockyleft\"> <img src=\"assets/eyeblue.svg\"> <p class=\"blockyname\">Time Delay</p> </div> <div class=\"blockyright\"> <img src=\"assets/more.svg\"> </div> <div class=\"blockydiv\"> </div> <div class=\"blockyinfo\">Delay <span class=\"data_condition_fld\" data-val-of-opt=\"tm\">Time </span> <span class=\"data_compare\" data-val-of-opt=\"choose\">choose</span> <span class=\"data_collect\" id=\"choose\" data-val-of-opt=\"choose\">choose</span> </div>",
"del_con_arch":"<div class=\"blockyleft\"> <img src=\"assets/eyeblue.svg\"> <p class=\"blockyname\">Delete Contact</p> </div> <div class=\"blockyright\"> <img src=\"assets/more.svg\"> </div> <div class=\"blockydiv\"> </div> <div class=\"blockyinfo\">Delete <span class=\"data_condition_fld\" data-val-of-opt=\":lst_name:\">Trigger </span> <span class=\"data_compare\" data-val-of-opt=\"contact\">Contact</span> <span class=\"data_collect\" id=\"\" data-of-val-sel=\"now\">Now</span> </div>"
}