{ "add_con_trg":{"name":"Add Contact","def_field":"In List"}, "send_ml_act":{"name":"Send Email","def_field":"Email Template"}, "chk_cond_act":{"name":"Check Condition","def_field":"Condition"}, "con_rat_cond":{"name":"Contact Rating","def_field":"Is"}, "pre_gend_cond":{"name":"predicted Gender","def_filed":"Is"}, "chg_tg_act":{"name":"Change tag","def_field":"Is"}, "crt_arch_act":{"name":"create Contact Archive","def_field":"status"}, "chg_stat_act":{"name":"Change Status","def_field":"status"}, "tm_delay_act":{"name":"Delay Time","def_field":"status"} }